{"loss": [0.485634914948605, 0.8474009265191853, 0.840513912960887, 0.8892417531460524, 0.7489347595255822, 0.8619244694709778, 0.9207881926558912, 0.7853497737087309, 0.7065492984838784, 0.5914943665266037, 0.5724337697029114, 0.6116237353999168, 0.7506138931494206, 0.7358818226493895, 0.6964510232210159, 0.8744114497676492, 0.7345206746831536, 0.7006645614746958, 0.6873815427534282, 1.3636187175288796], "loss_classifier": [0.1265893131494522, 0.2302318662405014, 0.2183171957731247, 0.2148941457271576, 0.17511197924613953, 0.21507176756858826, 0.24835029244422913, 0.22018784284591675, 0.1750326007604599, 0.15830887854099274, 0.13848602771759033, 0.16256064176559448, 0.16877219080924988, 0.14779579639434814, 0.15752826631069183, 0.2123960703611374, 0.16886849701404572, 0.18836762011051178, 0.16269633173942566, 0.35411810874938965], "loss_rpn_box_reg": [0.001482131308875978, 0.006339718122035265, 0.0014099101535975933, 0.0023641567677259445, 0.003851287765428424, 0.007510805502533913, 0.002985453698784113, 0.003065295983105898, 0.002042073290795088, 0.002268607262521982, 0.0059648556634783745, 0.0032700737938284874, 0.002952468814328313, 0.002210694132372737, 0.00875714048743248, 0.005437904037535191, 0.004806072451174259, 0.0019070471171289682, 0.0025069969706237316, 0.009242064319550991], "loss_box_reg": [0.14536167681217194, 0.29470324516296387, 0.3174089193344116, 0.2887021005153656, 0.2304660677909851, 0.3105908930301666, 0.31614959239959717, 0.2920874357223511, 0.24481980502605438, 0.24538812041282654, 0.1976887285709381, 0.2410488873720169, 0.2829703688621521, 0.26593637466430664, 0.21433062851428986, 0.29051411151885986, 0.2017662227153778, 0.17118488252162933, 0.2130911946296692, 0.46804970502853394], "loss_mask": [0.20250193774700165, 0.2972486913204193, 0.29737964272499084, 0.3690989911556244, 0.3234562873840332, 0.31404781341552734, 0.34273847937583923, 0.2457602322101593, 0.27577561140060425, 0.18118903040885925, 0.22222401201725006, 0.20299223065376282, 0.2882963716983795, 0.3163166046142578, 0.28038376569747925, 0.3542586863040924, 0.3478107452392578, 0.301428884267807, 0.30033841729164124, 0.5219202041625977], "loss_objectness": [0.00969985593110323, 0.018877405673265457, 0.005998244974762201, 0.014182358980178833, 0.016049137338995934, 0.014703189954161644, 0.01056437473744154, 0.024248966947197914, 0.008879208005964756, 0.004339729901403189, 0.008070145733654499, 0.0017519018147140741, 0.007622492965310812, 0.003622352844104171, 0.03545122221112251, 0.011804677546024323, 0.011269137263298035, 0.03777612745761871, 0.008748602122068405, 0.010288635268807411], "epoch": 0, "data_point_details": [{"loss": 0.485634914948605, "loss_classifier": 0.1265893131494522, "loss_box_reg": 0.14536167681217194, "loss_mask": 0.20250193774700165, "loss_objectness": 0.00969985593110323, "loss_rpn_box_reg": 0.001482131308875978}, {"loss": 0.8474009265191853, "loss_classifier": 0.2302318662405014, "loss_box_reg": 0.29470324516296387, "loss_mask": 0.2972486913204193, "loss_objectness": 0.018877405673265457, "loss_rpn_box_reg": 0.006339718122035265}, {"loss": 0.840513912960887, "loss_classifier": 0.2183171957731247, "loss_box_reg": 0.3174089193344116, "loss_mask": 0.29737964272499084, "loss_objectness": 0.005998244974762201, "loss_rpn_box_reg": 0.0014099101535975933}, {"loss": 0.8892417531460524, "loss_classifier": 0.2148941457271576, "loss_box_reg": 0.2887021005153656, "loss_mask": 0.3690989911556244, "loss_objectness": 0.014182358980178833, "loss_rpn_box_reg": 0.0023641567677259445}, {"loss": 0.7489347595255822, "loss_classifier": 0.17511197924613953, "loss_box_reg": 0.2304660677909851, "loss_mask": 0.3234562873840332, "loss_objectness": 0.016049137338995934, "loss_rpn_box_reg": 0.003851287765428424}, {"loss": 0.8619244694709778, "loss_classifier": 0.21507176756858826, "loss_box_reg": 0.3105908930301666, "loss_mask": 0.31404781341552734, "loss_objectness": 0.014703189954161644, "loss_rpn_box_reg": 0.007510805502533913}, {"loss": 0.9207881926558912, "loss_classifier": 0.24835029244422913, "loss_box_reg": 0.31614959239959717, "loss_mask": 0.34273847937583923, "loss_objectness": 0.01056437473744154, "loss_rpn_box_reg": 0.002985453698784113}, {"loss": 0.7853497737087309, "loss_classifier": 0.22018784284591675, "loss_box_reg": 0.2920874357223511, "loss_mask": 0.2457602322101593, "loss_objectness": 0.024248966947197914, "loss_rpn_box_reg": 0.003065295983105898}, {"loss": 0.7065492984838784, "loss_classifier": 0.1750326007604599, "loss_box_reg": 0.24481980502605438, "loss_mask": 0.27577561140060425, "loss_objectness": 0.008879208005964756, "loss_rpn_box_reg": 0.002042073290795088}, {"loss": 0.5914943665266037, "loss_classifier": 0.15830887854099274, "loss_box_reg": 0.24538812041282654, "loss_mask": 0.18118903040885925, "loss_objectness": 0.004339729901403189, "loss_rpn_box_reg": 0.002268607262521982}, {"loss": 0.5724337697029114, "loss_classifier": 0.13848602771759033, "loss_box_reg": 0.1976887285709381, "loss_mask": 0.22222401201725006, "loss_objectness": 0.008070145733654499, "loss_rpn_box_reg": 0.0059648556634783745}, {"loss": 0.6116237353999168, "loss_classifier": 0.16256064176559448, "loss_box_reg": 0.2410488873720169, "loss_mask": 0.20299223065376282, "loss_objectness": 0.0017519018147140741, "loss_rpn_box_reg": 0.0032700737938284874}, {"loss": 0.7506138931494206, "loss_classifier": 0.16877219080924988, "loss_box_reg": 0.2829703688621521, "loss_mask": 0.2882963716983795, "loss_objectness": 0.007622492965310812, "loss_rpn_box_reg": 0.002952468814328313}, {"loss": 0.7358818226493895, "loss_classifier": 0.14779579639434814, "loss_box_reg": 0.26593637466430664, "loss_mask": 0.3163166046142578, "loss_objectness": 0.003622352844104171, "loss_rpn_box_reg": 0.002210694132372737}, {"loss": 0.6964510232210159, "loss_classifier": 0.15752826631069183, "loss_box_reg": 0.21433062851428986, "loss_mask": 0.28038376569747925, "loss_objectness": 0.03545122221112251, "loss_rpn_box_reg": 0.00875714048743248}, {"loss": 0.8744114497676492, "loss_classifier": 0.2123960703611374, "loss_box_reg": 0.29051411151885986, "loss_mask": 0.3542586863040924, "loss_objectness": 0.011804677546024323, "loss_rpn_box_reg": 0.005437904037535191}, {"loss": 0.7345206746831536, "loss_classifier": 0.16886849701404572, "loss_box_reg": 0.2017662227153778, "loss_mask": 0.3478107452392578, "loss_objectness": 0.011269137263298035, "loss_rpn_box_reg": 0.004806072451174259}, {"loss": 0.7006645614746958, "loss_classifier": 0.18836762011051178, "loss_box_reg": 0.17118488252162933, "loss_mask": 0.301428884267807, "loss_objectness": 0.03777612745761871, "loss_rpn_box_reg": 0.0019070471171289682}, {"loss": 0.6873815427534282, "loss_classifier": 0.16269633173942566, "loss_box_reg": 0.2130911946296692, "loss_mask": 0.30033841729164124, "loss_objectness": 0.008748602122068405, "loss_rpn_box_reg": 0.0025069969706237316}, {"loss": 1.3636187175288796, "loss_classifier": 0.35411810874938965, "loss_box_reg": 0.46804970502853394, "loss_mask": 0.5219202041625977, "loss_objectness": 0.010288635268807411, "loss_rpn_box_reg": 0.009242064319550991}], "timestamp": "20220819-115029", "_timestamp": 1660935054, "_runtime": 25, "_step": 1, "_wandb": {"runtime": 33}}