{"loss": [0.5925231724977493, 0.3817755114287138, 0.42247019708156586, 0.858172457665205, 0.4971301518380642, 0.7639069566503167, 0.5803718767128885, 0.400559707544744, 0.6522314343601465, 0.5884134732186794, 0.8939076028764248, 0.5593764204531908, 0.17819823967874981, 0.6067186966538429, 0.8019148036837578, 0.5261062663048506, 0.38692626589909196, 0.5052527477964759, 0.774679284542799, 0.4940540259703994], "loss_classifier": [0.1581350415945053, 0.12317951023578644, 0.12577076256275177, 0.17513936758041382, 0.14842811226844788, 0.22866708040237427, 0.14992785453796387, 0.1308414787054062, 0.2294074296951294, 0.17145974934101105, 0.223064586520195, 0.16052977740764618, 0.055414021015167236, 0.20509377121925354, 0.21621251106262207, 0.1637134999036789, 0.08263590931892395, 0.15105342864990234, 0.2548214793205261, 0.188374862074852], "loss_rpn_box_reg": [0.07506578415632248, 0.009331264533102512, 0.052494630217552185, 0.1041257232427597, 0.018868636339902878, 0.01370981428772211, 0.003226029686629772, 0.01923002302646637, 0.010502541437745094, 0.018535368144512177, 0.05556932091712952, 0.014357984066009521, 0.003141702152788639, 0.011143231764435768, 0.020560849457979202, 0.020562604069709778, 0.006685934029519558, 0.024123018607497215, 0.00967063196003437, 0.007637511007487774], "loss_box_reg": [0.1723216474056244, 0.08492575585842133, 0.12295464426279068, 0.1853170394897461, 0.13302981853485107, 0.21006788313388824, 0.1538577526807785, 0.10626791417598724, 0.22670426964759827, 0.18714168667793274, 0.22378632426261902, 0.15199023485183716, 0.04674212634563446, 0.16560280323028564, 0.17326636612415314, 0.16055399179458618, 0.07127746939659119, 0.17954787611961365, 0.23426949977874756, 0.1373523324728012], "loss_mask": [0.15774443745613098, 0.15343163907527924, 0.11209616810083389, 0.36893734335899353, 0.17129962146282196, 0.2890314757823944, 0.2675935626029968, 0.13556301593780518, 0.16563881933689117, 0.1817864328622818, 0.37045785784721375, 0.22353287041187286, 0.07251165807247162, 0.21440279483795166, 0.3590484857559204, 0.16243386268615723, 0.21991735696792603, 0.14535290002822876, 0.2497577965259552, 0.1529984325170517], "loss_objectness": [0.029256261885166168, 0.010907341726124287, 0.009153991937637329, 0.024652983993291855, 0.025503963232040405, 0.022430703043937683, 0.00576667720451951, 0.008657275699079037, 0.019978374242782593, 0.029490236192941666, 0.021029513329267502, 0.008965553715825081, 0.00038873209268786013, 0.010476095601916313, 0.03282659128308296, 0.018842307850718498, 0.006409596186131239, 0.005175524391233921, 0.026159876957535744, 0.007690887898206711], "epoch": 9, "data_point_details": [{"loss": 0.5925231724977493, "loss_classifier": 0.1581350415945053, "loss_box_reg": 0.1723216474056244, "loss_mask": 0.15774443745613098, "loss_objectness": 0.029256261885166168, "loss_rpn_box_reg": 0.07506578415632248}, {"loss": 0.3817755114287138, "loss_classifier": 0.12317951023578644, "loss_box_reg": 0.08492575585842133, "loss_mask": 0.15343163907527924, "loss_objectness": 0.010907341726124287, "loss_rpn_box_reg": 0.009331264533102512}, {"loss": 0.42247019708156586, "loss_classifier": 0.12577076256275177, "loss_box_reg": 0.12295464426279068, "loss_mask": 0.11209616810083389, "loss_objectness": 0.009153991937637329, "loss_rpn_box_reg": 0.052494630217552185}, {"loss": 0.858172457665205, "loss_classifier": 0.17513936758041382, "loss_box_reg": 0.1853170394897461, "loss_mask": 0.36893734335899353, "loss_objectness": 0.024652983993291855, "loss_rpn_box_reg": 0.1041257232427597}, {"loss": 0.4971301518380642, "loss_classifier": 0.14842811226844788, "loss_box_reg": 0.13302981853485107, "loss_mask": 0.17129962146282196, "loss_objectness": 0.025503963232040405, "loss_rpn_box_reg": 0.018868636339902878}, {"loss": 0.7639069566503167, "loss_classifier": 0.22866708040237427, "loss_box_reg": 0.21006788313388824, "loss_mask": 0.2890314757823944, "loss_objectness": 0.022430703043937683, "loss_rpn_box_reg": 0.01370981428772211}, {"loss": 0.5803718767128885, "loss_classifier": 0.14992785453796387, "loss_box_reg": 0.1538577526807785, "loss_mask": 0.2675935626029968, "loss_objectness": 0.00576667720451951, "loss_rpn_box_reg": 0.003226029686629772}, {"loss": 0.400559707544744, "loss_classifier": 0.1308414787054062, "loss_box_reg": 0.10626791417598724, "loss_mask": 0.13556301593780518, "loss_objectness": 0.008657275699079037, "loss_rpn_box_reg": 0.01923002302646637}, {"loss": 0.6522314343601465, "loss_classifier": 0.2294074296951294, "loss_box_reg": 0.22670426964759827, "loss_mask": 0.16563881933689117, "loss_objectness": 0.019978374242782593, "loss_rpn_box_reg": 0.010502541437745094}, {"loss": 0.5884134732186794, "loss_classifier": 0.17145974934101105, "loss_box_reg": 0.18714168667793274, "loss_mask": 0.1817864328622818, "loss_objectness": 0.029490236192941666, "loss_rpn_box_reg": 0.018535368144512177}, {"loss": 0.8939076028764248, "loss_classifier": 0.223064586520195, "loss_box_reg": 0.22378632426261902, "loss_mask": 0.37045785784721375, "loss_objectness": 0.021029513329267502, "loss_rpn_box_reg": 0.05556932091712952}, {"loss": 0.5593764204531908, "loss_classifier": 0.16052977740764618, "loss_box_reg": 0.15199023485183716, "loss_mask": 0.22353287041187286, "loss_objectness": 0.008965553715825081, "loss_rpn_box_reg": 0.014357984066009521}, {"loss": 0.17819823967874981, "loss_classifier": 0.055414021015167236, "loss_box_reg": 0.04674212634563446, "loss_mask": 0.07251165807247162, "loss_objectness": 0.00038873209268786013, "loss_rpn_box_reg": 0.003141702152788639}, {"loss": 0.6067186966538429, "loss_classifier": 0.20509377121925354, "loss_box_reg": 0.16560280323028564, "loss_mask": 0.21440279483795166, "loss_objectness": 0.010476095601916313, "loss_rpn_box_reg": 0.011143231764435768}, {"loss": 0.8019148036837578, "loss_classifier": 0.21621251106262207, "loss_box_reg": 0.17326636612415314, "loss_mask": 0.3590484857559204, "loss_objectness": 0.03282659128308296, "loss_rpn_box_reg": 0.020560849457979202}, {"loss": 0.5261062663048506, "loss_classifier": 0.1637134999036789, "loss_box_reg": 0.16055399179458618, "loss_mask": 0.16243386268615723, "loss_objectness": 0.018842307850718498, "loss_rpn_box_reg": 0.020562604069709778}, {"loss": 0.38692626589909196, "loss_classifier": 0.08263590931892395, "loss_box_reg": 0.07127746939659119, "loss_mask": 0.21991735696792603, "loss_objectness": 0.006409596186131239, "loss_rpn_box_reg": 0.006685934029519558}, {"loss": 0.5052527477964759, "loss_classifier": 0.15105342864990234, "loss_box_reg": 0.17954787611961365, "loss_mask": 0.14535290002822876, "loss_objectness": 0.005175524391233921, "loss_rpn_box_reg": 0.024123018607497215}, {"loss": 0.774679284542799, "loss_classifier": 0.2548214793205261, "loss_box_reg": 0.23426949977874756, "loss_mask": 0.2497577965259552, "loss_objectness": 0.026159876957535744, "loss_rpn_box_reg": 0.00967063196003437}, {"loss": 0.4940540259703994, "loss_classifier": 0.188374862074852, "loss_box_reg": 0.1373523324728012, "loss_mask": 0.1529984325170517, "loss_objectness": 0.007690887898206711, "loss_rpn_box_reg": 0.007637511007487774}], "timestamp": "20221027-173324", "_timestamp": 1666925913.2573762, "_runtime": 8705.627426147461, "_step": 19, "_wandb": {"runtime": 8705}}