{"loss": [0.5633166935294867, 0.4271328989416361, 0.7404651921242476, 0.6174951810389757, 0.5067676389589906, 0.751603979151696, 0.5142274489626288, 0.7715371958911419, 0.5460377223789692, 0.5303904903121293, 0.5716631878167391, 0.8216688213869929, 0.4747019223868847, 0.7507420815527439, 1.0885299872606993, 0.5340733118355274, 0.6934742648154497, 0.39315649028867483, 0.8230516016483307, 0.43445456214249134], "loss_classifier": [0.14452233910560608, 0.14629016816616058, 0.24292901158332825, 0.13953417539596558, 0.13453923165798187, 0.20199967920780182, 0.12377942353487015, 0.23066556453704834, 0.16343295574188232, 0.16037382185459137, 0.20892247557640076, 0.18394678831100464, 0.1510419398546219, 0.2427070289850235, 0.4280378520488739, 0.146182581782341, 0.2166573405265808, 0.11183755844831467, 0.21170416474342346, 0.17035013437271118], "loss_rpn_box_reg": [0.04373002052307129, 0.020910365507006645, 0.022263456135988235, 0.009969649836421013, 0.013692551292479038, 0.013230638578534126, 0.009984913282096386, 0.015975777059793472, 0.008408995345234871, 0.005064487922936678, 0.0159713476896286, 0.009857701137661934, 0.047381676733493805, 0.02078360691666603, 0.010197790339589119, 0.0756162777543068, 0.009392732754349709, 0.021261535584926605, 0.10154654085636139, 0.056805096566677094], "loss_box_reg": [0.18045148253440857, 0.06946985423564911, 0.2074265331029892, 0.12440253794193268, 0.1254936307668686, 0.19773951172828674, 0.11689020693302155, 0.18425588309764862, 0.16824424266815186, 0.15350855886936188, 0.16530220210552216, 0.1542317420244217, 0.14338690042495728, 0.1541130244731903, 0.3150673806667328, 0.14046964049339294, 0.1872892528772354, 0.10514149069786072, 0.22961211204528809, 0.10090267658233643], "loss_mask": [0.18178924918174744, 0.16905933618545532, 0.252157062292099, 0.30863744020462036, 0.15967759490013123, 0.33086907863616943, 0.25467079877853394, 0.2898987829685211, 0.17950451374053955, 0.19011150300502777, 0.17200028896331787, 0.4631936252117157, 0.10950253903865814, 0.3145841956138611, 0.28968024253845215, 0.15217968821525574, 0.2621636986732483, 0.14834269881248474, 0.25827786326408386, 0.013097355142235756], "loss_objectness": [0.012823602184653282, 0.021403174847364426, 0.015689129009842873, 0.03495137766003609, 0.07336463034152985, 0.007765071000903845, 0.008902106434106827, 0.05074118822813034, 0.02644701488316059, 0.021332118660211563, 0.009466873481869698, 0.010438964702188969, 0.02338886633515358, 0.01855422556400299, 0.045546721667051315, 0.019625123590230942, 0.017971239984035492, 0.0065732067450881, 0.02191092073917389, 0.09329929947853088], "epoch": 3, "data_point_details": [{"loss": 0.5633166935294867, "loss_classifier": 0.14452233910560608, "loss_box_reg": 0.18045148253440857, "loss_mask": 0.18178924918174744, "loss_objectness": 0.012823602184653282, "loss_rpn_box_reg": 0.04373002052307129}, {"loss": 0.4271328989416361, "loss_classifier": 0.14629016816616058, "loss_box_reg": 0.06946985423564911, "loss_mask": 0.16905933618545532, "loss_objectness": 0.021403174847364426, "loss_rpn_box_reg": 0.020910365507006645}, {"loss": 0.7404651921242476, "loss_classifier": 0.24292901158332825, "loss_box_reg": 0.2074265331029892, "loss_mask": 0.252157062292099, "loss_objectness": 0.015689129009842873, "loss_rpn_box_reg": 0.022263456135988235}, {"loss": 0.6174951810389757, "loss_classifier": 0.13953417539596558, "loss_box_reg": 0.12440253794193268, "loss_mask": 0.30863744020462036, "loss_objectness": 0.03495137766003609, "loss_rpn_box_reg": 0.009969649836421013}, {"loss": 0.5067676389589906, "loss_classifier": 0.13453923165798187, "loss_box_reg": 0.1254936307668686, "loss_mask": 0.15967759490013123, "loss_objectness": 0.07336463034152985, "loss_rpn_box_reg": 0.013692551292479038}, {"loss": 0.751603979151696, "loss_classifier": 0.20199967920780182, "loss_box_reg": 0.19773951172828674, "loss_mask": 0.33086907863616943, "loss_objectness": 0.007765071000903845, "loss_rpn_box_reg": 0.013230638578534126}, {"loss": 0.5142274489626288, "loss_classifier": 0.12377942353487015, "loss_box_reg": 0.11689020693302155, "loss_mask": 0.25467079877853394, "loss_objectness": 0.008902106434106827, "loss_rpn_box_reg": 0.009984913282096386}, {"loss": 0.7715371958911419, "loss_classifier": 0.23066556453704834, "loss_box_reg": 0.18425588309764862, "loss_mask": 0.2898987829685211, "loss_objectness": 0.05074118822813034, "loss_rpn_box_reg": 0.015975777059793472}, {"loss": 0.5460377223789692, "loss_classifier": 0.16343295574188232, "loss_box_reg": 0.16824424266815186, "loss_mask": 0.17950451374053955, "loss_objectness": 0.02644701488316059, "loss_rpn_box_reg": 0.008408995345234871}, {"loss": 0.5303904903121293, "loss_classifier": 0.16037382185459137, "loss_box_reg": 0.15350855886936188, "loss_mask": 0.19011150300502777, "loss_objectness": 0.021332118660211563, "loss_rpn_box_reg": 0.005064487922936678}, {"loss": 0.5716631878167391, "loss_classifier": 0.20892247557640076, "loss_box_reg": 0.16530220210552216, "loss_mask": 0.17200028896331787, "loss_objectness": 0.009466873481869698, "loss_rpn_box_reg": 0.0159713476896286}, {"loss": 0.8216688213869929, "loss_classifier": 0.18394678831100464, "loss_box_reg": 0.1542317420244217, "loss_mask": 0.4631936252117157, "loss_objectness": 0.010438964702188969, "loss_rpn_box_reg": 0.009857701137661934}, {"loss": 0.4747019223868847, "loss_classifier": 0.1510419398546219, "loss_box_reg": 0.14338690042495728, "loss_mask": 0.10950253903865814, "loss_objectness": 0.02338886633515358, "loss_rpn_box_reg": 0.047381676733493805}, {"loss": 0.7507420815527439, "loss_classifier": 0.2427070289850235, "loss_box_reg": 0.1541130244731903, "loss_mask": 0.3145841956138611, "loss_objectness": 0.01855422556400299, "loss_rpn_box_reg": 0.02078360691666603}, {"loss": 1.0885299872606993, "loss_classifier": 0.4280378520488739, "loss_box_reg": 0.3150673806667328, "loss_mask": 0.28968024253845215, "loss_objectness": 0.045546721667051315, "loss_rpn_box_reg": 0.010197790339589119}, {"loss": 0.5340733118355274, "loss_classifier": 0.146182581782341, "loss_box_reg": 0.14046964049339294, "loss_mask": 0.15217968821525574, "loss_objectness": 0.019625123590230942, "loss_rpn_box_reg": 0.0756162777543068}, {"loss": 0.6934742648154497, "loss_classifier": 0.2166573405265808, "loss_box_reg": 0.1872892528772354, "loss_mask": 0.2621636986732483, "loss_objectness": 0.017971239984035492, "loss_rpn_box_reg": 0.009392732754349709}, {"loss": 0.39315649028867483, "loss_classifier": 0.11183755844831467, "loss_box_reg": 0.10514149069786072, "loss_mask": 0.14834269881248474, "loss_objectness": 0.0065732067450881, "loss_rpn_box_reg": 0.021261535584926605}, {"loss": 0.8230516016483307, "loss_classifier": 0.21170416474342346, "loss_box_reg": 0.22961211204528809, "loss_mask": 0.25827786326408386, "loss_objectness": 0.02191092073917389, "loss_rpn_box_reg": 0.10154654085636139}, {"loss": 0.43445456214249134, "loss_classifier": 0.17035013437271118, "loss_box_reg": 0.10090267658233643, "loss_mask": 0.013097355142235756, "loss_objectness": 0.09329929947853088, "loss_rpn_box_reg": 0.056805096566677094}], "timestamp": "20220819-115345", "_timestamp": 1660938714, "_runtime": 3488, "_step": 7, "_wandb": {"runtime": 3812}}