{"loss": [0.6590052247047424, 0.9147895574569702, 1.0533463954925537, 0.8003979921340942, 0.5423346161842346, 0.650587260723114, 0.8160690069198608, 0.8696695566177368, 0.9161667227745056, 0.7396693229675293, 0.7114725708961487, 1.0199754238128662, 0.7269965410232544, 0.6502497792243958, 0.7566022276878357, 0.8554162383079529, 0.9823477864265442, 0.7688720226287842, 0.8328275680541992, 0.5859140753746033], "loss_classifier": [0.1116555705666542, 0.15352176129817963, 0.16804979741573334, 0.11458621174097061, 0.11154301464557648, 0.10959956794977188, 0.14254462718963623, 0.14112448692321777, 0.15791749954223633, 0.13997331261634827, 0.09500095993280411, 0.1283341646194458, 0.12796318531036377, 0.13026835024356842, 0.1438458114862442, 0.144802063703537, 0.15739662945270538, 0.12726430594921112, 0.1210203766822815, 0.14113664627075195], "loss_rpn_box_reg": [0.006404988467693329, 0.003400057554244995, 0.00205769925378263, 0.004834568593651056, 0.0030459039844572544, 0.007036014460027218, 0.004702122416347265, 0.00507753062993288, 0.005147730000317097, 0.0037498425226658583, 0.006958107464015484, 0.0021951766684651375, 0.005991511512547731, 0.002942559542134404, 0.005488499067723751, 0.009362307377159595, 0.003123136470094323, 0.006729057990014553, 0.00451456755399704, 0.0022168525028973818], "loss_box_reg": [0.10848300158977509, 0.14020639657974243, 0.17385517060756683, 0.0995192751288414, 0.08995401859283447, 0.0982324630022049, 0.12355315685272217, 0.12549516558647156, 0.14307935535907745, 0.1301773488521576, 0.07805107533931732, 0.09305135905742645, 0.09826508164405823, 0.12049685418605804, 0.12339827418327332, 0.14562591910362244, 0.15182185173034668, 0.11549656093120575, 0.10150223970413208, 0.16192303597927094], "loss_mask": [0.40316057205200195, 0.6040520668029785, 0.6952030062675476, 0.5741897225379944, 0.32070258259773254, 0.4294777810573578, 0.5213862657546997, 0.5825087428092957, 0.5973313450813293, 0.4561639726161957, 0.5164135098457336, 0.7819092869758606, 0.4663902819156647, 0.375367134809494, 0.4303078055381775, 0.5376577377319336, 0.6651337742805481, 0.5094812512397766, 0.5881572961807251, 0.2774852216243744], "loss_objectness": [0.029301099479198456, 0.013609237037599087, 0.014180779457092285, 0.007268193643540144, 0.017089076340198517, 0.006241470109671354, 0.023882824927568436, 0.01546366885304451, 0.0126907704398036, 0.009604795835912228, 0.015048909932374954, 0.014485522173345089, 0.02838645875453949, 0.021174870431423187, 0.05356181785464287, 0.01796823740005493, 0.004872361663728952, 0.009900851175189018, 0.017633050680160522, 0.003152264980599284], "epoch": 0, "data_point_details": [{"loss": 0.6590052247047424, "loss_classifier": 0.1116555705666542, "loss_box_reg": 0.10848300158977509, "loss_mask": 0.40316057205200195, "loss_objectness": 0.029301099479198456, "loss_rpn_box_reg": 0.006404988467693329}, {"loss": 0.9147895574569702, "loss_classifier": 0.15352176129817963, "loss_box_reg": 0.14020639657974243, "loss_mask": 0.6040520668029785, "loss_objectness": 0.013609237037599087, "loss_rpn_box_reg": 0.003400057554244995}, {"loss": 1.0533463954925537, "loss_classifier": 0.16804979741573334, "loss_box_reg": 0.17385517060756683, "loss_mask": 0.6952030062675476, "loss_objectness": 0.014180779457092285, "loss_rpn_box_reg": 0.00205769925378263}, {"loss": 0.8003979921340942, "loss_classifier": 0.11458621174097061, "loss_box_reg": 0.0995192751288414, "loss_mask": 0.5741897225379944, "loss_objectness": 0.007268193643540144, "loss_rpn_box_reg": 0.004834568593651056}, {"loss": 0.5423346161842346, "loss_classifier": 0.11154301464557648, "loss_box_reg": 0.08995401859283447, "loss_mask": 0.32070258259773254, "loss_objectness": 0.017089076340198517, "loss_rpn_box_reg": 0.0030459039844572544}, {"loss": 0.650587260723114, "loss_classifier": 0.10959956794977188, "loss_box_reg": 0.0982324630022049, "loss_mask": 0.4294777810573578, "loss_objectness": 0.006241470109671354, "loss_rpn_box_reg": 0.007036014460027218}, {"loss": 0.8160690069198608, "loss_classifier": 0.14254462718963623, "loss_box_reg": 0.12355315685272217, "loss_mask": 0.5213862657546997, "loss_objectness": 0.023882824927568436, "loss_rpn_box_reg": 0.004702122416347265}, {"loss": 0.8696695566177368, "loss_classifier": 0.14112448692321777, "loss_box_reg": 0.12549516558647156, "loss_mask": 0.5825087428092957, "loss_objectness": 0.01546366885304451, "loss_rpn_box_reg": 0.00507753062993288}, {"loss": 0.9161667227745056, "loss_classifier": 0.15791749954223633, "loss_box_reg": 0.14307935535907745, "loss_mask": 0.5973313450813293, "loss_objectness": 0.0126907704398036, "loss_rpn_box_reg": 0.005147730000317097}, {"loss": 0.7396693229675293, "loss_classifier": 0.13997331261634827, "loss_box_reg": 0.1301773488521576, "loss_mask": 0.4561639726161957, "loss_objectness": 0.009604795835912228, "loss_rpn_box_reg": 0.0037498425226658583}, {"loss": 0.7114725708961487, "loss_classifier": 0.09500095993280411, "loss_box_reg": 0.07805107533931732, "loss_mask": 0.5164135098457336, "loss_objectness": 0.015048909932374954, "loss_rpn_box_reg": 0.006958107464015484}, {"loss": 1.0199754238128662, "loss_classifier": 0.1283341646194458, "loss_box_reg": 0.09305135905742645, "loss_mask": 0.7819092869758606, "loss_objectness": 0.014485522173345089, "loss_rpn_box_reg": 0.0021951766684651375}, {"loss": 0.7269965410232544, "loss_classifier": 0.12796318531036377, "loss_box_reg": 0.09826508164405823, "loss_mask": 0.4663902819156647, "loss_objectness": 0.02838645875453949, "loss_rpn_box_reg": 0.005991511512547731}, {"loss": 0.6502497792243958, "loss_classifier": 0.13026835024356842, "loss_box_reg": 0.12049685418605804, "loss_mask": 0.375367134809494, "loss_objectness": 0.021174870431423187, "loss_rpn_box_reg": 0.002942559542134404}, {"loss": 0.7566022276878357, "loss_classifier": 0.1438458114862442, "loss_box_reg": 0.12339827418327332, "loss_mask": 0.4303078055381775, "loss_objectness": 0.05356181785464287, "loss_rpn_box_reg": 0.005488499067723751}, {"loss": 0.8554162383079529, "loss_classifier": 0.144802063703537, "loss_box_reg": 0.14562591910362244, "loss_mask": 0.5376577377319336, "loss_objectness": 0.01796823740005493, "loss_rpn_box_reg": 0.009362307377159595}, {"loss": 0.9823477864265442, "loss_classifier": 0.15739662945270538, "loss_box_reg": 0.15182185173034668, "loss_mask": 0.6651337742805481, "loss_objectness": 0.004872361663728952, "loss_rpn_box_reg": 0.003123136470094323}, {"loss": 0.7688720226287842, "loss_classifier": 0.12726430594921112, "loss_box_reg": 0.11549656093120575, "loss_mask": 0.5094812512397766, "loss_objectness": 0.009900851175189018, "loss_rpn_box_reg": 0.006729057990014553}, {"loss": 0.8328275680541992, "loss_classifier": 0.1210203766822815, "loss_box_reg": 0.10150223970413208, "loss_mask": 0.5881572961807251, "loss_objectness": 0.017633050680160522, "loss_rpn_box_reg": 0.00451456755399704}, {"loss": 0.5859140753746033, "loss_classifier": 0.14113664627075195, "loss_box_reg": 0.16192303597927094, "loss_mask": 0.2774852216243744, "loss_objectness": 0.003152264980599284, "loss_rpn_box_reg": 0.0022168525028973818}], "timestamp": "20220819-112240", "_timestamp": 1660933394, "_runtime": 34, "_step": 1, "_wandb": {"runtime": 36}}