{"epoch": 0, "loss": 5.6513800621032715, "metrics": {"loss_objectness": 0.6935983300209045, "loss_rpn_box_reg": 0.2837996482849121, "loss_classifier": 1.502360463142395, "loss_box_reg": 0.4095621109008789, "loss_mask": 0.6819741129875183}, "_timestamp": 1679952688.4634483, "_runtime": 8.963817358016968, "_step": 4}