{"loss": [0.4062252501025796, 0.4343194724060595, 0.8381350329145789, 0.6072347732260823, 0.6323755830526352, 0.33812870271503925, 0.27462944481521845, 0.5546855833381414, 0.43748317565768957, 0.5889505352824926, 0.25107583962380886, 0.6139606116339564, 0.44018709380179644, 0.6944522494450212, 0.7048977222293615, 0.7103763110935688, 0.2330769372638315, 0.5250695021823049, 0.8374960944056511, 0.3979354118928313], "loss_classifier": [0.11994966119527817, 0.12884944677352905, 0.3206295073032379, 0.15995752811431885, 0.18107536435127258, 0.11483418941497803, 0.10409817844629288, 0.17855754494667053, 0.11536915600299835, 0.18264566361904144, 0.11690501123666763, 0.23071414232254028, 0.1366504281759262, 0.2265397161245346, 0.26466357707977295, 0.1837100088596344, 0.07565779983997345, 0.1439482867717743, 0.2504664659500122, 0.13255400955677032], "loss_rpn_box_reg": [0.04923059046268463, 0.007358874194324017, 0.009547385387122631, 0.03469783067703247, 0.01412898674607277, 0.005860242061316967, 0.0038586310110986233, 0.021414367482066154, 0.006322208791971207, 0.022442463785409927, 0.019879328086972237, 0.04857233166694641, 0.004499516449868679, 0.016083117574453354, 0.029851747676730156, 0.06725423038005829, 0.0020743594504892826, 0.007592800073325634, 0.020668763667345047, 0.02536492422223091], "loss_box_reg": [0.12410195171833038, 0.13414432108402252, 0.2967072129249573, 0.1695842444896698, 0.15313750505447388, 0.08766840398311615, 0.09546764194965363, 0.14973223209381104, 0.09968849271535873, 0.15366581082344055, 0.10229042172431946, 0.18162138760089874, 0.11246710270643234, 0.21325090527534485, 0.18411602079868317, 0.16468733549118042, 0.07089782506227493, 0.1626976728439331, 0.2535209655761719, 0.13441316783428192], "loss_mask": [0.10215365886688232, 0.15879137814044952, 0.19690296053886414, 0.23730529844760895, 0.2502151429653168, 0.12307734787464142, 0.06761899590492249, 0.16347526013851166, 0.2125522345304489, 0.20432204008102417, 0.006278859917074442, 0.14309169352054596, 0.17772908508777618, 0.223704993724823, 0.18759354948997498, 0.27173638343811035, 0.08322078734636307, 0.20052078366279602, 0.29754310846328735, 0.09553307294845581], "loss_objectness": [0.010789387859404087, 0.005175452213734388, 0.014347966760396957, 0.005689871497452259, 0.03381858393549919, 0.0066885193809866905, 0.0035859975032508373, 0.04150617867708206, 0.003551083616912365, 0.025874556973576546, 0.005722218658775091, 0.009961056523025036, 0.008840961381793022, 0.014873516745865345, 0.03867282718420029, 0.022988352924585342, 0.0012261655647307634, 0.010309958830475807, 0.01529679074883461, 0.010070237331092358], "epoch": 4, "data_point_details": [{"loss": 0.4062252501025796, "loss_classifier": 0.11994966119527817, "loss_box_reg": 0.12410195171833038, "loss_mask": 0.10215365886688232, "loss_objectness": 0.010789387859404087, "loss_rpn_box_reg": 0.04923059046268463}, {"loss": 0.4343194724060595, "loss_classifier": 0.12884944677352905, "loss_box_reg": 0.13414432108402252, "loss_mask": 0.15879137814044952, "loss_objectness": 0.005175452213734388, "loss_rpn_box_reg": 0.007358874194324017}, {"loss": 0.8381350329145789, "loss_classifier": 0.3206295073032379, "loss_box_reg": 0.2967072129249573, "loss_mask": 0.19690296053886414, "loss_objectness": 0.014347966760396957, "loss_rpn_box_reg": 0.009547385387122631}, {"loss": 0.6072347732260823, "loss_classifier": 0.15995752811431885, "loss_box_reg": 0.1695842444896698, "loss_mask": 0.23730529844760895, "loss_objectness": 0.005689871497452259, "loss_rpn_box_reg": 0.03469783067703247}, {"loss": 0.6323755830526352, "loss_classifier": 0.18107536435127258, "loss_box_reg": 0.15313750505447388, "loss_mask": 0.2502151429653168, "loss_objectness": 0.03381858393549919, "loss_rpn_box_reg": 0.01412898674607277}, {"loss": 0.33812870271503925, "loss_classifier": 0.11483418941497803, "loss_box_reg": 0.08766840398311615, "loss_mask": 0.12307734787464142, "loss_objectness": 0.0066885193809866905, "loss_rpn_box_reg": 0.005860242061316967}, {"loss": 0.27462944481521845, "loss_classifier": 0.10409817844629288, "loss_box_reg": 0.09546764194965363, "loss_mask": 0.06761899590492249, "loss_objectness": 0.0035859975032508373, "loss_rpn_box_reg": 0.0038586310110986233}, {"loss": 0.5546855833381414, "loss_classifier": 0.17855754494667053, "loss_box_reg": 0.14973223209381104, "loss_mask": 0.16347526013851166, "loss_objectness": 0.04150617867708206, "loss_rpn_box_reg": 0.021414367482066154}, {"loss": 0.43748317565768957, "loss_classifier": 0.11536915600299835, "loss_box_reg": 0.09968849271535873, "loss_mask": 0.2125522345304489, "loss_objectness": 0.003551083616912365, "loss_rpn_box_reg": 0.006322208791971207}, {"loss": 0.5889505352824926, "loss_classifier": 0.18264566361904144, "loss_box_reg": 0.15366581082344055, "loss_mask": 0.20432204008102417, "loss_objectness": 0.025874556973576546, "loss_rpn_box_reg": 0.022442463785409927}, {"loss": 0.25107583962380886, "loss_classifier": 0.11690501123666763, "loss_box_reg": 0.10229042172431946, "loss_mask": 0.006278859917074442, "loss_objectness": 0.005722218658775091, "loss_rpn_box_reg": 0.019879328086972237}, {"loss": 0.6139606116339564, "loss_classifier": 0.23071414232254028, "loss_box_reg": 0.18162138760089874, "loss_mask": 0.14309169352054596, "loss_objectness": 0.009961056523025036, "loss_rpn_box_reg": 0.04857233166694641}, {"loss": 0.44018709380179644, "loss_classifier": 0.1366504281759262, "loss_box_reg": 0.11246710270643234, "loss_mask": 0.17772908508777618, "loss_objectness": 0.008840961381793022, "loss_rpn_box_reg": 0.004499516449868679}, {"loss": 0.6944522494450212, "loss_classifier": 0.2265397161245346, "loss_box_reg": 0.21325090527534485, "loss_mask": 0.223704993724823, "loss_objectness": 0.014873516745865345, "loss_rpn_box_reg": 0.016083117574453354}, {"loss": 0.7048977222293615, "loss_classifier": 0.26466357707977295, "loss_box_reg": 0.18411602079868317, "loss_mask": 0.18759354948997498, "loss_objectness": 0.03867282718420029, "loss_rpn_box_reg": 0.029851747676730156}, {"loss": 0.7103763110935688, "loss_classifier": 0.1837100088596344, "loss_box_reg": 0.16468733549118042, "loss_mask": 0.27173638343811035, "loss_objectness": 0.022988352924585342, "loss_rpn_box_reg": 0.06725423038005829}, {"loss": 0.2330769372638315, "loss_classifier": 0.07565779983997345, "loss_box_reg": 0.07089782506227493, "loss_mask": 0.08322078734636307, "loss_objectness": 0.0012261655647307634, "loss_rpn_box_reg": 0.0020743594504892826}, {"loss": 0.5250695021823049, "loss_classifier": 0.1439482867717743, "loss_box_reg": 0.1626976728439331, "loss_mask": 0.20052078366279602, "loss_objectness": 0.010309958830475807, "loss_rpn_box_reg": 0.007592800073325634}, {"loss": 0.8374960944056511, "loss_classifier": 0.2504664659500122, "loss_box_reg": 0.2535209655761719, "loss_mask": 0.29754310846328735, "loss_objectness": 0.01529679074883461, "loss_rpn_box_reg": 0.020668763667345047}, {"loss": 0.3979354118928313, "loss_classifier": 0.13255400955677032, "loss_box_reg": 0.13441316783428192, "loss_mask": 0.09553307294845581, "loss_objectness": 0.010070237331092358, "loss_rpn_box_reg": 0.02536492422223091}], "timestamp": "20220824-140950", "_timestamp": 1661379817, "_runtime": 4426, "_step": 9, "_wandb": {"runtime": 5011}}